word,probability
metro,0.0030864197530864
dated,0.0123456790123456
dates,0.0246913580246913
miles,0.0015432098765432
radio,0.0061728395061728
