word,probability
chain,0.0001521279959883
bears,0.0001690311066536
sparc,0.0001014186639922
spain,0.0003042559919766
india,2.1128888331712275e-06
likes,0.0001690311066536
aaron,3.380622133073964e-05
candy,0.0003042559919766
apple,1.690311066536982e-05
kills,5.634370221789941e-05
value,1.126874044357988e-05
lives,0.0003380622133073
cindy,0.0003042559919766
loves,8.451555332684912e-05
berry,6.761244266147928e-05
sandy,0.0004056746559688
