word,probability
shame,0.0164609053497942
miles,0.0041152263374485
