word,probability
specs,0.000339354633672
packs,3.770607040800663e-05
costs,0.0006787092673441
apple,8.079872230287132e-06
rebel,2.154632594743236e-05
coast,9.69584667634456e-05
lists,0.000301648563264
dates,0.000150824281632
start,3.231948892114853e-05
speak,4.84792333817228e-05
roles,0.000452472844896
china,8.079872230287132e-06
