word,probability
tight,0.00439453125
brass,0.002471923828125
dress,0.000823974609375
miami,0.0003662109375
right,0.00439453125
audit,0.0001220703125
fight,0.00439453125
