rank,word,probability
1,tight,0.00439453125
2,right,0.00439453125
3,fight,0.00439453125
4,brass,0.002471923828125
5,dress,0.000823974609375
6,miami,0.0003662109375
7,audit,0.0001220703125
