rank,word,probability
1,costs,0.0006787092673441
2,roles,0.000452472844896
3,specs,0.000339354633672
4,lists,0.000301648563264
5,dates,0.000150824281632
6,coast,9.69584667634456e-05
7,speak,4.84792333817228e-05
8,packs,3.770607040800663e-05
9,start,3.231948892114853e-05
10,rebel,2.154632594743236e-05
11,apple,8.079872230287132e-06
12,china,8.079872230287132e-06
