rank,word,probability
1,radio,0.0164609053497942
2,oxide,0.0041152263374485
