rank,word,probability
1,dates,0.0246913580246913
2,dated,0.0123456790123456
3,radio,0.0061728395061728
4,metro,0.0030864197530864
5,miles,0.0015432098765432
