rank,word,probability
1,shame,0.0164609053497942
2,miles,0.0041152263374485
