rank,word,probability
1,sandy,0.0004056746559688
2,lives,0.0003380622133073
3,spain,0.0003042559919766
4,candy,0.0003042559919766
5,cindy,0.0003042559919766
6,bears,0.0001690311066536
7,likes,0.0001690311066536
8,chain,0.0001521279959883
9,sparc,0.0001014186639922
10,loves,8.451555332684912e-05
11,berry,6.761244266147928e-05
12,kills,5.634370221789941e-05
13,aaron,3.380622133073964e-05
14,apple,1.690311066536982e-05
15,value,1.126874044357988e-05
16,india,2.1128888331712275e-06
