rank,word,probability
1,rates,0.0014467592592592
2,modes,0.0009645061728395
3,camps,0.0008680555555555
4,camel,0.0007233796296296
5,paris,0.0005787037037037
6,daddy,0.0001929012345679
7,trees,0.0001205632716049
8,coach,2.4112654320987653e-05
9,msgid,1.6075102880658434e-05
10,pussy,1.6075102880658434e-05
11,apple,4.0187757201646085e-06
